URL,Last crawled
https://www.privatetravelcr.com/costa-rica/transportation/sjo-airport/manuel-antonio,2026-05-08
https://www.privatetravelcr.com/costa-rica/transportation/samara/la-fortuna-arenal,2026-05-08
https://www.privatetravelcr.com/costa-rica/transportation/sjo-airport/la-fortuna-arenal,2026-05-08
https://www.privatetravelcr.com/costa-rica/transportation/lir-airport/playa-potrero,2026-05-08
https://www.privatetravelcr.com/costa-rica/transportation/monteverde/punta-leona,2026-05-08
https://www.privatetravelcr.com/costa-rica/transportation/la-fortuna-arenal/sarapiqui,2026-05-08
https://www.privatetravelcr.com/costa-rica/transportation/dominical/puerto-viejo-limon,2026-05-08
https://www.privatetravelcr.com/costa-rica/transportation/san-jose-sjo-international-airport/playa-potrero,2026-05-08
https://www.privatetravelcr.com/costa-rica/transportation/playa-flamingo/rio-celeste,2026-05-08
https://www.privatetravelcr.com/costa-rica/transportation/golfito/,2026-05-08
https://www.privatetravelcr.com/costa-rica/transportation/la-fortuna-arenal/los-chiles,2026-05-08
https://www.privatetravelcr.com/blog/post/best-restaurants-in-la-fortuna,2026-05-07
https://www.privatetravelcr.com/costa-rica/transportation/sjo-airport/playa-panama,2026-05-07
https://www.privatetravelcr.com/costa-rica/transportation/lir-airport/,2026-05-07
https://www.privatetravelcr.com/costa-rica/transportation/playa-hermosa-guanacaste/rio-celeste,2026-05-07
https://www.privatetravelcr.com/costa-rica/transportation/sjo-airport/puerto-jimenez,2026-05-07
https://privatetravelcr.com/costa-rica/transportation/playa-hermosa-guanacaste/rio-celeste,2026-05-07
https://www.privatetravelcr.com/costa-rica/transportation/samara/playa-brasilito,2026-05-07
https://www.privatetravelcr.com/costa-rica/transportation/playa-del-coco/samara,2026-05-06
https://www.privatetravelcr.com/costa-rica/transportation/playa-hermosa-guanacaste/la-fortuna-arenal,2026-05-06
https://www.privatetravelcr.com/costa-rica/transportation/la-fortuna-arenal/playa-ocotal,2026-05-06
https://www.privatetravelcr.com/costa-rica/transportation/la-fortuna-arenal/canas,2026-05-06
https://www.privatetravelcr.com/costa-rica/transportation/monteverde/matapalo-guanacaste,2026-05-06
https://www.privatetravelcr.com/costa-rica/transportation/monteverde/punta-islita,2026-05-06
https://www.privatetravelcr.com/costa-rica/transportation/bajos-del-toro/la-fortuna-arenal,2026-05-06
https://www.privatetravelcr.com/costa-rica/transportation/carrillo/tamarindo,2026-05-06
https://www.privatetravelcr.com/costa-rica/transportation/playa-brasilito/rio-celeste,2026-05-06
https://www.privatetravelcr.com/costa-rica/transportation/puerto-viejo-limon/monteverde,2026-05-06
https://www.privatetravelcr.com/costa-rica/transportation/sjo-airport/playa-del-coco,2026-05-06
https://www.privatetravelcr.com/costa-rica/transportation/la-paz-waterfalls/jaco,2026-05-05
https://www.privatetravelcr.com/costa-rica/transportation/la-fortuna-arenal/cuidad-quesada,2026-05-05
https://www.privatetravelcr.com/costa-rica/transportation/monteverde/playa-panama,2026-05-05
https://www.privatetravelcr.com/costa-rica/transportation/jaco/monteverde,2026-05-05
https://www.privatetravelcr.com/costa-rica/transportation/uvita/tamarindo,2026-05-05
https://www.privatetravelcr.com/costa-rica/transportation/playa-flamingo/la-fortuna-arenal,2026-05-05
https://www.privatetravelcr.com/costa-rica/transportation/sjo-airport/playa-ocotal,2026-05-05
https://www.privatetravelcr.com/costa-rica/transportation/san-jose-town/uvita,2026-05-05
https://www.privatetravelcr.com/costa-rica/transportation/la-paz-waterfalls/,2026-05-05
https://www.privatetravelcr.com/costa-rica/transportation/dominical/puntarenas,2026-05-05
https://www.privatetravelcr.com/costa-rica/transportation/carrillo/la-paz-waterfalls,2026-05-05
https://www.privatetravelcr.com/costa-rica/transportation/lir-airport/playa-hermosa-guanacaste,2026-05-05
https://www.privatetravelcr.com/costa-rica/transportation/la-fortuna-arenal/san-jose-town,2026-05-05
https://www.privatetravelcr.com/costa-rica/transportation/rio-celeste/playa-flamingo,2026-05-05
https://www.privatetravelcr.com/costa-rica/transportation/manuel-antonio/la-paz-waterfalls,2026-05-05
https://www.privatetravelcr.com/costa-rica/transportation/puerto-viejo-limon/tamarindo,2026-05-05
https://www.privatetravelcr.com/costa-rica/transportation/puerto-jimenez/monteverde,2026-05-05
https://www.privatetravelcr.com/costa-rica/transportation/sjo-airport/san-jose-town,2026-05-05
https://www.privatetravelcr.com/blog/,2026-05-05
https://www.privatetravelcr.com/costa-rica/transportation/monteverde/mal-pais-santa-teresa,2026-05-05
https://www.privatetravelcr.com/costa-rica/transportation/samara/dream-las-mareas-resort,2026-05-05
https://www.privatetravelcr.com/costa-rica/transportation/la-fortuna-arenal/fortuna-local-airport-tanque,2026-05-05
https://www.privatetravelcr.com/costa-rica/transportation/la-fortuna-arenal/tortuguero,2026-05-05
https://www.privatetravelcr.com/costa-rica/transportation/san-jose-town/monteverde,2026-05-05
https://www.privatetravelcr.com/costa-rica/transportation/la-fortuna-arenal/penas-blancas,2026-05-05
https://www.privatetravelcr.com/costa-rica/transportation/la-fortuna-arenal/dream-las-mareas-resort,2026-05-05
https://www.privatetravelcr.com/costa-rica/transportation/la-fortuna-arenal/manzanillo,2026-05-05
https://www.privatetravelcr.com/,2026-05-05
https://www.privatetravelcr.com/costa-rica/transportation/playa-flamingo/monteverde,2026-05-05
https://www.privatetravelcr.com/book-now.php?id=5,2026-05-05
https://www.privatetravelcr.com/costa-rica/transportation/uvita/,2026-05-05
https://www.privatetravelcr.com/costa-rica/transportation/,2026-05-05
https://www.privatetravelcr.com/costa-rica/transportation/las-catalinas/sjo-airport,2026-05-05
https://www.privatetravelcr.com/costa-rica/transportation/la-fortuna-arenal/rio-celeste,2026-05-05
https://www.privatetravelcr.com/costa-rica/transportation/playa-hermosa-guanacaste/monteverde,2026-05-05
https://www.privatetravelcr.com/costa-rica/transportation/puerto-viejo-limon/sjo-airport,2026-05-05
https://www.privatetravelcr.com/costa-rica/transportation/la-fortuna-arenal/limon,2026-05-04
https://www.privatetravelcr.com/costa-rica/transportation/playa-avellanas/mal-pais-santa-teresa,2026-05-04
https://www.privatetravelcr.com/costa-rica/transportation/ojochal/lir-airport,2026-05-04
https://www.privatetravelcr.com/costa-rica/transportation/las-catalinas/,2026-05-04
https://www.privatetravelcr.com/costa-rica/transportation/manuel-antonio/san-jose-town,2026-05-04
https://www.privatetravelcr.com/costa-rica/transportation/playa-avellanas/samara,2026-05-04
https://www.privatetravelcr.com/costa-rica/transportation/playa-del-coco/,2026-05-04
https://www.privatetravelcr.com/costa-rica/transportation/puerto-jimenez/,2026-05-04
https://www.privatetravelcr.com/costa-rica/transportation/samara/playa-langosta,2026-05-03
https://www.privatetravelcr.com/costa-rica/transportation/playa-ocotal/,2026-05-03
https://www.privatetravelcr.com/costa-rica/transportation/playa-conchal/la-fortuna-arenal,2026-05-03
https://www.privatetravelcr.com/costa-rica/transportation/samara/manuel-antonio,2026-05-03
https://www.privatetravelcr.com/costa-rica/transportation/jaco/quepos,2026-05-02
https://www.privatetravelcr.com/costa-rica/transportation/playa-grande/lir-airport,2026-05-02
https://www.privatetravelcr.com/costa-rica/transportation/san-jose-sjo-international-airport/playa-conchal,2026-05-02
https://www.privatetravelcr.com/costa-rica/transportation/hotel-riu-guanacaste/,2026-05-02
https://www.privatetravelcr.com/costa-rica/transportation/tamarindo/rio-celeste,2026-05-02
https://www.privatetravelcr.com/costa-rica/transportation/sarapiqui/tortuguero-pavona-dock,2026-05-02
https://www.privatetravelcr.com/costa-rica/transportation/manuel-antonio/las-catalinas,2026-05-02
https://www.privatetravelcr.com/costa-rica/transportation/puerto-viejo-limon/la-fortuna-arenal,2026-05-02
https://www.privatetravelcr.com/costa-rica/transportation/sarapiqui/tamarindo,2026-05-02
https://www.privatetravelcr.com/costa-rica/transportation/tortuguero-pavona-dock/la-fortuna-arenal,2026-05-02
https://www.privatetravelcr.com/costa-rica/transportation/playa-ocotal/manuel-antonio,2026-05-02
https://www.privatetravelcr.com/costa-rica/transportation/samara/lir-airport,2026-05-02
https://www.privatetravelcr.com/costa-rica/transportation/playa-avellanas/,2026-05-02
https://www.privatetravelcr.com/costa-rica/transportation/playa-langosta/dream-las-mareas-resort,2026-05-02
https://www.privatetravelcr.com/costa-rica/transportation/jaco/playa-conchal,2026-05-01
https://www.privatetravelcr.com/costa-rica/transportation/mal-pais-santa-teresa/hotel-riu-guanacaste,2026-05-01
https://www.privatetravelcr.com/book-now.php?id=555,2026-05-01
https://www.privatetravelcr.com/costa-rica/transportation/la-paz-waterfalls/tortuguero-pavona-dock,2026-05-01
https://www.privatetravelcr.com/costa-rica/transportation/playa-panama/dream-las-mareas-resort,2026-04-30
https://www.privatetravelcr.com/costa-rica/transportation/playa-hermosa-guanacaste/mal-pais-santa-teresa,2026-04-30
https://www.privatetravelcr.com/costa-rica/transportation/monteverde/manuel-antonio,2026-04-30
https://www.privatetravelcr.com/costa-rica/transportation/lir-airport/rincon-de-la-vieja,2026-04-29
https://www.privatetravelcr.com/costa-rica/transportation/monteverde/playa-ocotal,2026-04-29
https://www.privatetravelcr.com/costa-rica/transportation/san-jose-sjo-international-airport/manzanillo,2026-04-29
https://www.privatetravelcr.com/costa-rica/transportation/lir-airport/la-fortuna-arenal,2026-04-29
https://www.privatetravelcr.com/costa-rica/transportation/tamarindo/la-paz-waterfalls,2026-04-28
https://www.privatetravelcr.com/costa-rica/transportation/tamarindo/dream-las-mareas-resort,2026-04-28
https://www.privatetravelcr.com/costa-rica/transportation/sjo-airport/puerto-viejo-limon,2026-04-28
https://www.privatetravelcr.com/costa-rica/transportation/ojochal/puntarenas,2026-04-28
https://www.privatetravelcr.com/costa-rica/transportation/playa-conchal/lir-airport,2026-04-28
https://www.privatetravelcr.com/costa-rica/transportation/bajos-del-toro/jaco,2026-04-28
https://www.privatetravelcr.com/costa-rica/transportation/monteverde/las-catalinas,2026-04-28
https://www.privatetravelcr.com/blog/post/reliable-taxi-services-in-costa-rica-safe-comfortable-professional-private-transfer,2026-04-28
https://www.privatetravelcr.com/costa-rica/transportation/uvita/manuel-antonio,2026-04-27
https://www.privatetravelcr.com/costa-rica/transportation/samara/playa-panama,2026-04-27
https://www.privatetravelcr.com/costa-rica/transportation/san-jose-sjo-international-airport/dominical,2026-04-27
https://www.privatetravelcr.com/costa-rica/transportation/sjo-airport/las-catalinas,2026-04-27
https://www.privatetravelcr.com/costa-rica/transportation/la-fortuna-arenal/playa-potrero,2026-04-27
https://www.privatetravelcr.com/costa-rica/transportation/liberia-town/san-jose-town,2026-04-26
https://www.privatetravelcr.com/costa-rica/transportation/sjo-airport/,2026-04-26
https://www.privatetravelcr.com/costa-rica/transportation/samara/playa-ocotal,2026-04-26
https://www.privatetravelcr.com/costa-rica/transportation/cahuita/dominical,2026-04-26
https://www.privatetravelcr.com/costa-rica/transportation/bajos-del-toro/lir-airport,2026-04-26
https://www.privatetravelcr.com/costa-rica/transportation/la-paz-waterfalls/playa-conchal,2026-04-26
https://www.privatetravelcr.com/costa-rica/transportation/playa-potrero/sjo-airport,2026-04-26
https://www.privatetravelcr.com/costa-rica/transportation/uvita/puerto-viejo-limon,2026-04-26
https://www.privatetravelcr.com/costa-rica/transportation/uvita/sjo-airport,2026-04-26
https://www.privatetravelcr.com/costa-rica/transportation/sierpe/dominical,2026-04-26
https://www.privatetravelcr.com/costa-rica/transportation/lir-airport/playa-brasilito,2026-04-26
https://www.privatetravelcr.com/costa-rica/transportation/san-jose-town/dominical,2026-04-25
https://www.privatetravelcr.com/costa-rica/transportation/la-fortuna-arenal/,2026-04-25
https://www.privatetravelcr.com/costa-rica/transportation/alajuela/,2026-04-25
https://www.privatetravelcr.com/costa-rica/transportation/puerto-jimenez/sierpe,2026-04-25
https://www.privatetravelcr.com/costa-rica/transportation/rio-celeste/hotel-riu-guanacaste,2026-04-25
https://www.privatetravelcr.com/costa-rica/transportation/la-fortuna-arenal/lir-airport,2026-04-25
https://www.privatetravelcr.com/costa-rica/transportation/puerto-jimenez/jaco,2026-04-25
https://www.privatetravelcr.com/costa-rica/transportation/sierpe/quepos,2026-04-25
https://www.privatetravelcr.com/costa-rica/transportation/tamarindo/mal-pais-santa-teresa,2026-04-25
https://www.privatetravelcr.com/costa-rica/transportation/manuel-antonio/tamarindo,2026-04-24
https://www.privatetravelcr.com/costa-rica/transportation/san-jose-sjo-international-airport/san-jose-sjo-international-airport-nicoya,2026-04-24
https://www.privatetravelcr.com/costa-rica/transportation/dominical/san-jose-town,2026-04-24
https://www.privatetravelcr.com/costa-rica/transportation/monteverde/limon,2026-04-24
https://www.privatetravelcr.com/costa-rica/transportation/playa-brasilito/,2026-04-24
https://www.privatetravelcr.com/costa-rica/transportation/la-fortuna-arenal/playa-grande,2026-04-24
https://www.privatetravelcr.com/costa-rica/transportation/jaco/lir-airport,2026-04-24
https://www.privatetravelcr.com/costa-rica/transportation/sjo-airport/sarapiqui,2026-04-24
https://www.privatetravelcr.com/costa-rica/transportation/dominical/jaco,2026-04-24
https://www.privatetravelcr.com/costa-rica/transportation/uvita/quepos,2026-04-24
https://www.privatetravelcr.com/costa-rica/transportation/manuel-antonio/cahuita,2026-04-24
https://www.privatetravelcr.com/costa-rica/transportation/uvita/jaco,2026-04-24
https://www.privatetravelcr.com/costa-rica/transportation/uvita/puntarenas,2026-04-24
https://www.privatetravelcr.com/costa-rica/transportation/playa-flamingo/la-paz-waterfalls,2026-04-24
https://www.privatetravelcr.com/costa-rica/transportation/la-paz-waterfalls/monteverde,2026-04-24
https://www.privatetravelcr.com/costa-rica/transportation/las-catalinas/monteverde,2026-04-24
https://www.privatetravelcr.com/costa-rica/transportation/lir-airport/samara,2026-04-24
https://www.privatetravelcr.com/costa-rica/transportation/dream-las-mareas-resort/la-fortuna-arenal,2026-04-24
https://www.privatetravelcr.com/costa-rica/transportation/sjo-airport/rincon-de-la-vieja,2026-04-24
https://www.privatetravelcr.com/costa-rica/transportation/la-fortuna-arenal/papagayo,2026-04-23
https://www.privatetravelcr.com/costa-rica/transportation/rio-celeste/manuel-antonio,2026-04-23
https://www.privatetravelcr.com/costa-rica/transportation/hotel-riu-guanacaste/mal-pais-santa-teresa,2026-04-23
https://www.privatetravelcr.com/costa-rica/transportation/la-fortuna-arenal/jaco,2026-04-23
https://www.privatetravelcr.com/costa-rica/transportation/uvita/cahuita,2026-04-23
https://www.privatetravelcr.com/costa-rica/transportation/monteverde/,2026-04-23
https://www.privatetravelcr.com/costa-rica/transportation/uvita/lir-airport,2026-04-23
https://www.privatetravelcr.com/costa-rica/transportation/uvita/liberia-town,2026-04-23
https://www.privatetravelcr.com/costa-rica/transportation/monteverde/liberia-town,2026-04-23
https://www.privatetravelcr.com/costa-rica/transportation/puerto-viejo-limon/dominical,2026-04-23
https://www.privatetravelcr.com/costa-rica/transportation/sjo-airport/cahuita,2026-04-23
https://www.privatetravelcr.com/costa-rica/transportation/papagayo/lir-airport,2026-04-23
https://www.privatetravelcr.com/costa-rica/transportation/san-jose-sjo-international-airport/bajos-del-toro,2026-04-23
https://www.privatetravelcr.com/costa-rica/transportation/la-fortuna-arenal/playa-brasilito,2026-04-23
https://www.privatetravelcr.com/book-now.php?id=591,2026-04-23
https://www.privatetravelcr.com/costa-rica/transportation/monteverde/playa-langosta,2026-04-23
https://www.privatetravelcr.com/costa-rica/transportation/playa-conchal/sjo-airport,2026-04-23
https://www.privatetravelcr.com/costa-rica/transportation/alajuela/monteverde,2026-04-22
https://www.privatetravelcr.com/costa-rica/transportation/lir-airport/jaco,2026-04-22
https://www.privatetravelcr.com/costa-rica/transportation/la-fortuna-arenal/turrialba,2026-04-22
https://www.privatetravelcr.com/costa-rica/transportation/la-fortuna-arenal/heredia,2026-04-22
https://www.privatetravelcr.com/costa-rica/transportation/la-fortuna-arenal/tamarindo,2026-04-22
https://www.privatetravelcr.com/costa-rica/transportation/sjo-airport/san-ramon,2026-04-22
https://www.privatetravelcr.com/costa-rica/transportation/monteverde/herradura,2026-04-22
https://www.privatetravelcr.com/costa-rica/transportation/ojochal/monteverde,2026-04-22
https://www.privatetravelcr.com/costa-rica/transportation/manuel-antonio/la-fortuna-arenal,2026-04-22
https://www.privatetravelcr.com/costa-rica/transportation/sjo-airport/monteverde,2026-04-22
https://www.privatetravelcr.com/costa-rica/transportation/playa-brasilito/lir-airport,2026-04-22
https://www.privatetravelcr.com/costa-rica/transportation/hotel-riu-guanacaste/la-fortuna-arenal,2026-04-22
https://www.privatetravelcr.com/costa-rica/transportation/monteverde/san-jose-town,2026-04-22
https://www.privatetravelcr.com/costa-rica/transportation/playa-del-coco/rio-celeste,2026-04-21
https://www.privatetravelcr.com/costa-rica/transportation/la-fortuna-arenal/hotel-riu-guanacaste,2026-04-20
https://www.privatetravelcr.com/costa-rica/transportation/playa-langosta/lir-airport,2026-04-19
https://www.privatetravelcr.com/costa-rica/transportation/papagayo/sjo-airport,2026-04-19
https://www.privatetravelcr.com/costa-rica/transportation/playa-avellanas/sjo-airport,2026-04-19
https://www.privatetravelcr.com/costa-rica/transportation/monteverde/la-paz-waterfalls,2026-04-19
https://www.privatetravelcr.com/costa-rica/transportation/playa-avellanas/lir-airport,2026-04-19
https://www.privatetravelcr.com/costa-rica/transportation/playa-langosta/sjo-airport,2026-04-18
https://www.privatetravelcr.com/costa-rica/transportation/playa-conchal/monteverde,2026-04-18
https://www.privatetravelcr.com/costa-rica/transportation/ojochal/sierpe,2026-04-18
https://www.privatetravelcr.com/costa-rica/transportation/la-fortuna-arenal/san-ramon,2026-04-17
https://www.privatetravelcr.com/costa-rica/transportation/lir-airport/sjo-airport,2026-04-17
https://www.privatetravelcr.com/costa-rica/transportation/monteverde/la-fortuna-arenal,2026-04-17
https://www.privatetravelcr.com/costa-rica/transportation/san-jose-sjo-international-airport/poas,2026-04-17
https://www.privatetravelcr.com/costa-rica/transportation/sjo-airport/playa-conchal,2026-04-17
https://www.privatetravelcr.com/costa-rica/transportation/playa-hermosa-guanacaste/,2026-04-16
https://www.privatetravelcr.com/costa-rica/transportation/liberia-lir-international-airport/,2026-04-16
https://www.privatetravelcr.com/costa-rica/transportation/sjo-airport/mal-pais-santa-teresa,2026-04-16
https://www.privatetravelcr.com/costa-rica/transportation/la-fortuna-arenal/puntarenas,2026-04-16
https://www.privatetravelcr.com/costa-rica/transportation/playa-del-coco/manuel-antonio,2026-04-16
https://www.privatetravelcr.com/costa-rica/transportation/la-fortuna-arenal/tilaran,2026-04-16
https://www.privatetravelcr.com/costa-rica/transportation/playa-potrero/monteverde,2026-04-16
https://www.privatetravelcr.com/costa-rica/transportation/lir-airport/carrillo,2026-04-16
https://www.privatetravelcr.com/costa-rica/transportation/manuel-antonio/playa-potrero,2026-04-15
https://www.privatetravelcr.com/book-now.php?id=283,2026-04-15
https://www.privatetravelcr.com/costa-rica/transportation/monteverde/jaco,2026-04-15
https://www.privatetravelcr.com/costa-rica/transportation/papagayo/mal-pais-santa-teresa,2026-04-15
https://www.privatetravelcr.com/costa-rica/transportation/hotel-riu-guanacaste/rio-celeste,2026-04-13
https://www.privatetravelcr.com/costa-rica/transportation/san-jose-sjo-international-airport/playa-langosta,2026-04-12
https://www.privatetravelcr.com/costa-rica/transportation/sierpe/puntarenas,2026-04-12
https://www.privatetravelcr.com/costa-rica/transportation/bajos-del-toro/tamarindo,2026-04-12
https://www.privatetravelcr.com/costa-rica/transportation/monteverde/dominical,2026-04-12
https://www.privatetravelcr.com/costa-rica/transportation/san-jose-town/lir-airport,2026-04-10
https://www.privatetravelcr.com/costa-rica/transportation/playa-potrero/samara,2026-04-10
https://www.privatetravelcr.com/costa-rica/transportation/jaco/puerto-jimenez,2026-04-10
https://www.privatetravelcr.com/costa-rica/transportation/ojochal/,2026-04-10
https://www.privatetravelcr.com/costa-rica/transportation/monteverde/puntarenas,2026-04-10
https://www.privatetravelcr.com/costa-rica/transportation/monteverde/samara,2026-04-09
https://www.privatetravelcr.com/costa-rica/transportation/mal-pais-santa-teresa/las-catalinas,2026-04-08
https://www.privatetravelcr.com/costa-rica/transportation/puerto-viejo-limon/san-jose-town,2026-04-08
https://www.privatetravelcr.com/costa-rica/transportation/puerto-jimenez/puntarenas,2026-04-08
https://www.privatetravelcr.com/costa-rica/transportation/la-fortuna-arenal/quepos,2026-04-08
https://www.privatetravelcr.com/costa-rica/transportation/sjo-airport/manzanillo,2026-04-08
https://www.privatetravelcr.com/costa-rica/transportation/sierpe/,2026-04-08
https://www.privatetravelcr.com/costa-rica/transportation/playa-avellanas/la-fortuna-arenal,2026-04-07
"https://www.privatetravelcr.com/book-now.php?id=%3Cbr 
/%3E%3Cb%3EWarning%3C/b%3E: Trying to access array offset on value of type 
null in 
%3Cb%3E/home/1496274.cloudwaysapps.com/cfqrfnexex/public_html/route.php%3C/b%3E 
on line %3Cb%3E201%3C/b%3E%3Cbr /%3E%3Cbr /%3E%3Cb%3EWarning%3C/b%3E: 
Trying to access array offset on value of type null in 
%3Cb%3E/home/1496274.cloudwaysapps.com/cfqrfnexex/public_html/route.php%3C/b%3E 
on line %3Cb%3E201%3C/b%3E%3Cbr /%3E%3Cbr /%3E%3Cb%3EWarning%3C/b%3E: 
Trying to access array offset on value of type null in 
%3Cb%3E/home/1496274.cloudwaysapps.com/cfqrfnexex/public_html/route.php%3C/b%3E 
on line %3Cb%3E201%3C/b%3E%3Cbr /%3E",2026-04-07
https://www.privatetravelcr.com/costa-rica/transportation/rio-celeste/jaco,2026-04-07
https://www.privatetravelcr.com/costa-rica/transportation/monteverde/puerto-viejo-limon,2026-04-07
https://www.privatetravelcr.com/costa-rica/transportation/san-jose-sjo-international-airport/puerto-viejo-limon,2026-04-07
https://www.privatetravelcr.com/costa-rica/transportation/uvita/la-fortuna-arenal,2026-04-07
https://www.privatetravelcr.com/costa-rica/transportation/la-fortuna-arenal/matapalo-guanacaste,2026-04-07
https://www.privatetravelcr.com/blog/post/best-places-for-sloth-watching-in-costa-rica,2026-04-05
https://www.privatetravelcr.com/costa-rica/transportation/playa-del-coco/mal-pais-santa-teresa,2026-04-05
https://www.privatetravelcr.com/costa-rica/transportation/la-fortuna-arenal/playa-avellanas,2026-04-05
https://www.privatetravelcr.com/costa-rica/transportation/monteverde/playa-del-coco,2026-04-05
https://www.privatetravelcr.com/costa-rica/transportation/sjo-airport/san-gerardo-de-dota,2026-04-05
https://www.privatetravelcr.com/costa-rica/transportation/carrillo/playa-flamingo,2026-04-04
https://www.privatetravelcr.com/costa-rica/transportation/sjo-airport/poas,2026-04-04
https://www.privatetravelcr.com/costa-rica/transportation/las-catalinas/mal-pais-santa-teresa,2026-04-04
https://www.privatetravelcr.com/costa-rica/transportation/cahuita/quepos,2026-04-04
https://www.privatetravelcr.com/costa-rica/transportation/monteverde/playa-hermosa-guanacaste,2026-04-04
https://www.privatetravelcr.com/costa-rica/transportation/lir-airport/hotel-riu-guanacaste,2026-04-04
https://www.privatetravelcr.com/costa-rica/transportation/playa-conchal/mal-pais-santa-teresa,2026-04-03
https://www.privatetravelcr.com/book-now.php?id=493,2026-04-03
https://www.privatetravelcr.com/costa-rica/transportation/san-jose-sjo-international-airport/turrialba,2026-04-03
https://www.privatetravelcr.com/costa-rica/transportation/lir-airport/playa-flamingo,2026-04-03
https://www.privatetravelcr.com/costa-rica/transportation/las-catalinas/manuel-antonio,2026-04-03
https://www.privatetravelcr.com/costa-rica/transportation/san-jose-sjo-international-airport/sierpe,2026-04-02
https://www.privatetravelcr.com/costa-rica/transportation/lir-airport/tamarindo,2026-04-02
https://www.privatetravelcr.com/costa-rica/transportation/lir-airport/punta-islita,2026-04-02
https://www.privatetravelcr.com/costa-rica/transportation/samara/la-paz-waterfalls,2026-04-02
https://www.privatetravelcr.com/costa-rica/transportation/ojochal/jaco,2026-04-02
https://www.privatetravelcr.com/costa-rica/transportation/playa-flamingo/manuel-antonio,2026-04-02
https://www.privatetravelcr.com/costa-rica/transportation/monteverde/tamarindo,2026-04-02
https://www.privatetravelcr.com/costa-rica/transportation/monteverde/quepos,2026-04-02
https://www.privatetravelcr.com/costa-rica/transportation/samara/hotel-riu-guanacaste,2026-04-02
https://www.privatetravelcr.com/costa-rica/transportation/puerto-viejo-limon/quepos,2026-04-02
https://www.privatetravelcr.com/costa-rica/transportation/samara/playa-potrero,2026-04-02
https://www.privatetravelcr.com/costa-rica/transportation/ojochal/cahuita,2026-04-02
https://www.privatetravelcr.com/costa-rica/transportation/ojochal/tamarindo,2026-04-02
https://www.privatetravelcr.com/costa-rica/transportation/puerto-jimenez/san-jose-town,2026-04-02
https://www.privatetravelcr.com/costa-rica/transportation/monteverde/golfito,2026-04-02
https://www.privatetravelcr.com/costa-rica/transportation/monteverde/heredia,2026-04-02
https://www.privatetravelcr.com/costa-rica/transportation/puerto-jimenez/uvita,2026-04-02
https://www.privatetravelcr.com/costa-rica/transportation/monteverde/tilaran,2026-04-02
https://www.privatetravelcr.com/costa-rica/transportation/playa-flamingo/sjo-airport,2026-04-02
https://www.privatetravelcr.com/costa-rica/transportation/monteverde/lir-airport,2026-04-02
https://www.privatetravelcr.com/costa-rica/transportation/playa-flamingo/samara,2026-04-02
https://www.privatetravelcr.com/costa-rica/transportation/la-fortuna-arenal/tambor,2026-04-02
https://www.privatetravelcr.com/costa-rica/transportation/monteverde/playa-avellanas,2026-04-02
https://www.privatetravelcr.com/costa-rica/transportation/la-fortuna-arenal/nuevo-arenal,2026-04-02
https://www.privatetravelcr.com/costa-rica/transportation/liberia-town/,2026-04-02
https://www.privatetravelcr.com/costa-rica/transportation/la-fortuna-arenal/manuel-antonio,2026-04-02
https://www.privatetravelcr.com/costa-rica/transportation/playa-del-coco/dream-las-mareas-resort,2026-04-02
https://www.privatetravelcr.com/costa-rica/transportation/lir-airport/las-catalinas,2026-04-02
https://www.privatetravelcr.com/costa-rica/transportation/golfito/monteverde,2026-04-02
https://www.privatetravelcr.com/costa-rica/transportation/puerto-jimenez/ojochal,2026-04-02
https://www.privatetravelcr.com/costa-rica/transportation/jaco/manuel-antonio,2026-04-02
https://www.privatetravelcr.com/costa-rica/transportation/sierpe/jaco,2026-04-02
https://www.privatetravelcr.com/costa-rica/transportation/jaco/sjo-airport,2026-04-02
https://www.privatetravelcr.com/costa-rica/transportation/playa-brasilito/manuel-antonio,2026-04-01
https://www.privatetravelcr.com/costa-rica/transportation/la-fortuna-arenal/herradura,2026-04-01
https://www.privatetravelcr.com/costa-rica/transportation/monteverde/punta-cocles,2026-04-01
https://www.privatetravelcr.com/costa-rica/transportation/la-fortuna-arenal/liberia-town,2026-04-01
https://www.privatetravelcr.com/costa-rica/transportation/dominical/tamarindo,2026-04-01
https://www.privatetravelcr.com/costa-rica/transportation/san-jose-sjo-international-airport/playa-ocotal,2026-04-01
https://www.privatetravelcr.com/costa-rica/transportation/la-fortuna-arenal/punta-islita,2026-04-01
https://www.privatetravelcr.com/costa-rica/transportation/dream-las-mareas-resort/lir-airport,2026-04-01
https://www.privatetravelcr.com/costa-rica/transportation/playa-brasilito/la-fortuna-arenal,2026-03-31
https://www.privatetravelcr.com/costa-rica/transportation/sierpe/sjo-airport,2026-03-31
https://www.privatetravelcr.com/costa-rica/transportation/lir-airport/monteverde,2026-03-31
https://www.privatetravelcr.com/costa-rica/transportation/dominical/lir-airport,2026-03-31
https://www.privatetravelcr.com/costa-rica/transportation/sjo-airport/liberia-town,2026-03-31
https://www.privatetravelcr.com/costa-rica/transportation/sjo-airport/playa-brasilito,2026-03-31
https://www.privatetravelcr.com/costa-rica/transportation/sjo-airport/punta-islita,2026-03-31
https://www.privatetravelcr.com/costa-rica/transportation/ojochal/quepos,2026-03-31
https://www.privatetravelcr.com/costa-rica/transportation/sjo-airport/nicoya,2026-03-31
https://www.privatetravelcr.com/costa-rica/transportation/sjo-airport/nosara,2026-03-31
https://www.privatetravelcr.com/costa-rica/transportation/san-jose-sjo-international-airport/punta-islita,2026-03-31
https://www.privatetravelcr.com/costa-rica/transportation/jaco/,2026-03-31
https://www.privatetravelcr.com/costa-rica/transportation/lir-airport/san-jose-town,2026-03-31
https://www.privatetravelcr.com/costa-rica/transportation/sarapiqui/sjo-airport,2026-03-31
https://www.privatetravelcr.com/costa-rica/transportation/jaco/sierpe,2026-03-31
https://www.privatetravelcr.com/costa-rica/transportation/playa-ocotal/mal-pais-santa-teresa,2026-03-31
https://www.privatetravelcr.com/costa-rica/transportation/dominical/sjo-airport,2026-03-31
https://www.privatetravelcr.com/costa-rica/transportation/playa-flamingo/mal-pais-santa-teresa,2026-03-31
https://www.privatetravelcr.com/costa-rica/transportation/manuel-antonio/playa-del-coco,2026-03-31
https://www.privatetravelcr.com/costa-rica/transportation/hotel-riu-guanacaste/dream-las-mareas-resort,2026-03-31
https://www.privatetravelcr.com/costa-rica/transportation/lir-airport/papagayo,2026-03-31
https://www.privatetravelcr.com/costa-rica/transportation/manuel-antonio/puerto-viejo-limon,2026-03-31
https://www.privatetravelcr.com/costa-rica/transportation/manuel-antonio/lir-airport,2026-03-31
https://www.privatetravelcr.com/costa-rica/transportation/sjo-airport/puntarenas,2026-03-31
https://www.privatetravelcr.com/costa-rica/transportation/jaco/liberia-town,2026-03-31
https://www.privatetravelcr.com/costa-rica/transportation/manuel-antonio/sjo-airport,2026-03-31
https://www.privatetravelcr.com/costa-rica/transportation/ojochal/sjo-airport,2026-03-30
https://www.privatetravelcr.com/costa-rica/transportation/puerto-viejo-limon/uvita,2026-03-30
https://www.privatetravelcr.com/costa-rica/transportation/playa-langosta/,2026-03-30
https://www.privatetravelcr.com/costa-rica/transportation/playa-del-coco/lir-airport,2026-03-29
https://www.privatetravelcr.com/costa-rica/transportation/sjo-airport/lir-airport,2026-03-28
https://www.privatetravelcr.com/costa-rica/transportation/ojochal/manuel-antonio,2026-03-28
https://www.privatetravelcr.com/costa-rica/transportation/sarapiqui/manuel-antonio,2026-03-28
https://www.privatetravelcr.com/costa-rica/transportation/playa-conchal/manuel-antonio,2026-03-28
https://www.privatetravelcr.com/costa-rica/transportation/cahuita/tamarindo,2026-03-27
https://www.privatetravelcr.com/costa-rica/transportation/bajos-del-toro/puerto-viejo-limon,2026-03-27
https://www.privatetravelcr.com/costa-rica/transportation/san-jose-sjo-international-airport/monteverde,2026-03-27
https://www.privatetravelcr.com/costa-rica/transportation/san-jose-sjo-international-airport/playa-brasilito,2026-03-27
https://www.privatetravelcr.com/costa-rica/transportation/carrillo/lir-airport,2026-03-27
https://www.privatetravelcr.com/costa-rica/transportation/liberia-lir-international-airport/monteverde,2026-03-27
https://www.privatetravelcr.com/costa-rica/transportation/san-jose-town/,2026-03-27
https://www.privatetravelcr.com/costa-rica/transportation/carrillo/playa-brasilito,2026-03-27
https://www.privatetravelcr.com/costa-rica/transportation/san-jose-sjo-international-airport/san-gerardo-de-dota,2026-03-27
https://www.privatetravelcr.com/costa-rica/transportation/playa-potrero/la-paz-waterfalls,2026-03-27
https://www.privatetravelcr.com/costa-rica/transportation/playa-ocotal/la-fortuna-arenal,2026-03-27
https://www.privatetravelcr.com/costa-rica/transportation/hotel-riu-guanacaste/sjo-airport,2026-03-27
https://www.privatetravelcr.com/costa-rica/transportation/bajos-del-toro/playa-hermosa-guanacaste,2026-03-27
https://www.privatetravelcr.com/costa-rica/transportation/samara/sjo-airport,2026-03-26
https://www.privatetravelcr.com/costa-rica/transportation/puerto-jimenez/manuel-antonio,2026-03-26
https://www.privatetravelcr.com/costa-rica/transportation/playa-langosta/monteverde,2026-03-26
https://www.privatetravelcr.com/costa-rica/transportation/playa-del-coco/sjo-airport,2026-03-25
https://www.privatetravelcr.com/costa-rica/transportation/jaco/cahuita,2026-03-25
https://www.privatetravelcr.com/costa-rica/transportation/bajos-del-toro/rio-celeste,2026-03-25
https://www.privatetravelcr.com/costa-rica/transportation/monteverde/hotel-riu-guanacaste,2026-03-25
https://www.privatetravelcr.com/costa-rica/transportation/papagayo/la-fortuna-arenal,2026-03-24
https://www.privatetravelcr.com/costa-rica/transportation/la-fortuna-arenal/nicoya,2026-03-24
https://www.privatetravelcr.com/costa-rica/transportation/playa-avellanas/rio-celeste,2026-03-24
https://www.privatetravelcr.com/costa-rica/transportation/dominical/montezuma,2026-03-23
https://www.privatetravelcr.com/costa-rica/transportation/la-fortuna-arenal/nosara,2026-03-21
https://www.privatetravelcr.com/costa-rica/transportation/bajos-del-toro/sjo-airport,2026-03-21
https://www.privatetravelcr.com/costa-rica/transportation/la-fortuna-arenal/la-paz-waterfalls,2026-03-21
https://www.privatetravelcr.com/costa-rica/transportation/playa-flamingo/lir-airport,2026-03-21
https://www.privatetravelcr.com/costa-rica/transportation/hotel-riu-guanacaste/monteverde,2026-03-19
https://www.privatetravelcr.com/costa-rica/transportation/sjo-airport/guapiles,2026-03-19
https://www.privatetravelcr.com/costa-rica/transportation/la-fortuna-arenal/las-catalinas,2026-03-19
https://www.privatetravelcr.com/costa-rica/transportation/sarapiqui/rio-celeste,2026-03-17
https://www.privatetravelcr.com/costa-rica/transportation/sarapiqui/jaco,2026-03-17
https://www.privatetravelcr.com/costa-rica/transportation/bajos-del-toro/manuel-antonio,2026-03-17
https://www.privatetravelcr.com/costa-rica/transportation/puerto-viejo-limon/mal-pais-santa-teresa,2026-03-17
https://www.privatetravelcr.com/book-now.php?id=300&t=1,2026-03-17
https://www.privatetravelcr.com/costa-rica/transportation/puerto-jimenez/dominical,2026-03-16
https://www.privatetravelcr.com/costa-rica/transportation/monteverde/alajuela,2026-03-16
https://www.privatetravelcr.com/costa-rica/transportation/carrillo/rincon-de-la-vieja,2026-03-15
https://www.privatetravelcr.com/costa-rica/transportation/las-catalinas/rio-celeste,2026-03-14
https://www.privatetravelcr.com/costa-rica/transportation/jaco/ojochal,2026-03-14
https://www.privatetravelcr.com/costa-rica/transportation/lir-airport/penas-blancas,2026-03-14
https://www.privatetravelcr.com/costa-rica/transportation/tamarindo/manuel-antonio,2026-03-14
https://www.privatetravelcr.com/book-now.php?id=54,2026-03-14
https://www.privatetravelcr.com/costa-rica/transportation/playa-panama/lir-airport,2026-03-14
https://www.privatetravelcr.com/costa-rica/transportation/puerto-jimenez/quepos,2026-03-14
https://www.privatetravelcr.com/costa-rica/transportation/manuel-antonio/sierpe,2026-03-14
https://www.privatetravelcr.com/costa-rica/transportation/uvita/monteverde,2026-03-14
https://www.privatetravelcr.com/costa-rica/transportation/carrillo/playa-del-coco,2026-03-14
https://www.privatetravelcr.com/book-now.php?id=573,2026-03-14
https://www.privatetravelcr.com/costa-rica/transportation/uvita/san-jose-town,2026-03-14
https://www.privatetravelcr.com/costa-rica/transportation/san-jose-sjo-international-airport/nosara,2026-03-14
https://www.privatetravelcr.com/costa-rica/transportation/playa-potrero/la-fortuna-arenal,2026-03-14
https://www.privatetravelcr.com/costa-rica/transportation/san-jose-town/liberia-town,2026-03-14
https://www.privatetravelcr.com/costa-rica/transportation/lir-airport/playa-conchal,2026-03-14
https://www.privatetravelcr.com/book-now.php?id=276,2026-03-14
https://www.privatetravelcr.com/costa-rica/transportation/las-catalinas/lir-airport,2026-03-14
https://www.privatetravelcr.com/costa-rica/transportation/san-jose-sjo-international-airport/playa-hermosa-guanacaste,2026-03-14
https://www.privatetravelcr.com/blog/post/explore-la-fortuna-on-a-private-tour-hanging-bridges-wildlife-traditional-costa-rican-lunch,2026-03-14
https://www.privatetravelcr.com/costa-rica/transportation/monteverde/playa-conchal,2026-03-14
https://www.privatetravelcr.com/costa-rica/transportation/papagayo/samara,2026-03-14
https://www.privatetravelcr.com/costa-rica/transportation/playa-hermosa-guanacaste/samara,2026-03-13
https://www.privatetravelcr.com/costa-rica/transportation/bajos-del-toro/,2026-03-13
https://www.privatetravelcr.com/costa-rica/transportation/tamarindo/la-fortuna-arenal,2026-03-13
https://www.privatetravelcr.com/book-now.php?id=218,2026-03-13
https://www.privatetravelcr.com/costa-rica/transportation/playa-potrero/mal-pais-santa-teresa,2026-03-13
https://www.privatetravelcr.com/costa-rica/transportation/la-fortuna-arenal/golfito,2026-03-13
https://www.privatetravelcr.com/costa-rica/transportation/rio-celeste/la-fortuna-arenal,2026-03-13
https://www.privatetravelcr.com/book-now.php?id=494,2026-03-13
https://www.privatetravelcr.com/book-now.php?id=306,2026-03-13
https://www.privatetravelcr.com/costa-rica/transportation/uvita/montezuma,2026-03-13
https://www.privatetravelcr.com/book-now.php?id=294,2026-03-12
https://www.privatetravelcr.com/costa-rica/transportation/sarapiqui/papagayo,2026-03-12
https://www.privatetravelcr.com/book-now.php?id=165,2026-03-12
https://www.privatetravelcr.com/book-now.php?id=151,2026-03-11
https://www.privatetravelcr.com/book-now.php?id=80,2026-03-11
https://www.privatetravelcr.com/book-now.php?id=571,2026-03-11
https://www.privatetravelcr.com/costa-rica/transportation/tamarindo/monteverde,2026-03-11
https://www.privatetravelcr.com/costa-rica/transportation/tamarindo/sjo-airport,2026-03-11
https://www.privatetravelcr.com/costa-rica/transportation/sjo-airport/alajuela,2026-03-11
https://www.privatetravelcr.com/book-now.php?id=559,2026-03-11
https://www.privatetravelcr.com/costa-rica/transportation/hotel-riu-guanacaste/lir-airport,2026-03-11
https://www.privatetravelcr.com/costa-rica/transportation/san-jose-sjo-international-airport/,2026-03-11
https://www.privatetravelcr.com/costa-rica/transportation/sarapiqui/la-fortuna-arenal,2026-03-11
https://www.privatetravelcr.com/book-now.php?id=560,2026-03-11
https://www.privatetravelcr.com/costa-rica/transportation/carrillo/papagayo,2026-03-11
https://www.privatetravelcr.com/book-now.php?id=496,2026-03-11
https://www.privatetravelcr.com/costa-rica/transportation/liberia-town/sjo-airport,2026-03-11
https://www.privatetravelcr.com/book-now.php?id=354,2026-03-11
https://www.privatetravelcr.com/book-now.php?id=286,2026-03-10
https://www.privatetravelcr.com/book-now.php?id=67,2026-03-10
https://www.privatetravelcr.com/book-now.php?id=260,2026-03-10
https://www.privatetravelcr.com/costa-rica/transportation/bajos-del-toro/tortuguero-pavona-dock,2026-03-10
https://www.privatetravelcr.com/costa-rica/transportation/cahuita/sjo-airport,2026-03-10
https://www.privatetravelcr.com/costa-rica/transportation/sjo-airport/tamarindo,2026-03-09
https://www.privatetravelcr.com/costa-rica/transportation/monteverde/nosara,2026-03-08
https://www.privatetravelcr.com/book-now.php?id=292,2026-03-08
https://www.privatetravelcr.com/costa-rica/transportation/lir-airport/dream-las-mareas-resort,2026-03-08
https://www.privatetravelcr.com/book-now.php?id=35,2026-03-08
https://www.privatetravelcr.com/costa-rica/transportation/dream-las-mareas-resort/tamarindo,2026-03-08
https://www.privatetravelcr.com/costa-rica/transportation/lir-airport/mal-pais-santa-teresa,2026-03-08
https://www.privatetravelcr.com/costa-rica/transportation/playa-conchal/samara,2026-03-08
https://www.privatetravelcr.com/costa-rica/transportation/rio-celeste/papagayo,2026-03-08
https://www.privatetravelcr.com/costa-rica/transportation/sjo-airport/uvita,2026-03-08
https://www.privatetravelcr.com/book-now.php?id=357,2026-03-07
https://www.privatetravelcr.com/costa-rica/transportation/manuel-antonio/hotel-riu-guanacaste,2026-03-07
https://www.privatetravelcr.com/book-now.php?id=542,2026-03-07
https://www.privatetravelcr.com/book-now.php?id=124,2026-03-07
https://www.privatetravelcr.com/costa-rica/transportation/san-jose-sjo-international-airport/tamarindo,2026-03-07
https://www.privatetravelcr.com/costa-rica/transportation/monteverde/papagayo,2026-03-07
https://www.privatetravelcr.com/costa-rica/transportation/san-jose-sjo-international-airport/playa-flamingo,2026-03-06
https://www.privatetravelcr.com/costa-rica/transportation/playa-hermosa-guanacaste/lir-airport,2026-03-06
https://www.privatetravelcr.com/book-now.php?id=72,2026-03-06
https://www.privatetravelcr.com/costa-rica/transportation/jaco/tamarindo,2026-03-06
https://www.privatetravelcr.com/costa-rica/transportation/monteverde/playa-potrero,2026-03-06
https://www.privatetravelcr.com/costa-rica/transportation/puerto-viejo-limon/montezuma,2026-03-06
https://www.privatetravelcr.com/costa-rica/transportation/monteverde/nuevo-arenal,2026-03-05
https://www.privatetravelcr.com/costa-rica/transportation/manuel-antonio/,2026-03-05
https://www.privatetravelcr.com/book-now.php?id=223,2026-03-05
https://www.privatetravelcr.com/costa-rica/transportation/manuel-antonio/playa-flamingo,2026-03-05
https://www.privatetravelcr.com/book-now.php?id=129,2026-03-05
https://www.privatetravelcr.com/costa-rica/transportation/dominical/cahuita,2026-03-05
https://www.privatetravelcr.com/costa-rica/transportation/manuel-antonio/papagayo,2026-03-05
https://www.privatetravelcr.com/costa-rica/transportation/bajos-del-toro/playa-potrero,2026-03-05
https://www.privatetravelcr.com/costa-rica/transportation/uvita/puerto-jimenez,2026-03-04
https://www.privatetravelcr.com/costa-rica/transportation/monteverde/rincon-de-la-vieja,2026-03-04
https://www.privatetravelcr.com/costa-rica/transportation/sierpe/san-jose-town,2026-03-04
https://www.privatetravelcr.com/costa-rica/transportation/cahuita/,2026-03-04
https://www.privatetravelcr.com/costa-rica/transportation/las-catalinas/samara,2026-03-04
https://www.privatetravelcr.com/book-now.php?id=202,2026-03-04
"https://www.privatetravelcr.com/book-now.php?id=%3Cbr 
/%3E%3Cb%3EWarning%3C/b%3E: Trying to access array offset on value of type 
null in 
%3Cb%3E/home/1496274.cloudwaysapps.com/cfqrfnexex/public_html/route.php%3C/b%3E 
on line %3Cb%3E203%3C/b%3E%3Cbr /%3E%3Cbr /%3E%3Cb%3EWarning%3C/b%3E: 
Trying to access array offset on value of type null in 
%3Cb%3E/home/1496274.cloudwaysapps.com/cfqrfnexex/public_html/route.php%3C/b%3E 
on line %3Cb%3E203%3C/b%3E%3Cbr /%3E%3Cbr /%3E%3Cb%3EWarning%3C/b%3E: 
Trying to access array offset on value of type null in 
%3Cb%3E/home/1496274.cloudwaysapps.com/cfqrfnexex/public_html/route.php%3C/b%3E 
on line %3Cb%3E203%3C/b%3E%3Cbr /%3E&t=0",2026-03-04
https://www.privatetravelcr.com/costa-rica/transportation/dominical/sierpe,2026-03-04
https://www.privatetravelcr.com/blog/post/5-best-activities-in-costa-rica-with-private-transportation-services,2026-03-04
https://www.privatetravelcr.com/costa-rica/transportation/sarapiqui/,2026-03-04
https://www.privatetravelcr.com/costa-rica/transportation/lir-airport/manuel-antonio,2026-03-04
https://www.privatetravelcr.com/costa-rica/transportation/playa-conchal/rio-celeste,2026-03-04
https://www.privatetravelcr.com/costa-rica/transportation/rio-celeste/lir-airport,2026-03-03
https://www.privatetravelcr.com/costa-rica/transportation/sarapiqui/lir-airport,2026-03-02
https://www.privatetravelcr.com/costa-rica/transportation/playa-ocotal/lir-airport,2026-03-02
https://www.privatetravelcr.com/costa-rica/transportation/sarapiqui/monteverde,2026-03-02
https://www.privatetravelcr.com/book-now.php?id=298,2026-03-02
https://www.privatetravelcr.com/costa-rica/transportation/monteverde/sjo-airport,2026-03-02
https://www.privatetravelcr.com/costa-rica/transportation/dominical/,2026-03-02
https://www.privatetravelcr.com/costa-rica/transportation/sjo-airport/ojochal,2026-03-02
https://www.privatetravelcr.com/costa-rica/transportation/tamarindo/lir-airport,2026-03-02
https://www.privatetravelcr.com/costa-rica/transportation/puerto-viejo-limon/,2026-03-02
https://www.privatetravelcr.com/costa-rica/transportation/ojochal/puerto-viejo-limon,2026-03-02
https://www.privatetravelcr.com/costa-rica/transportation/jaco/puerto-viejo-limon,2026-03-02
https://www.privatetravelcr.com/costa-rica/transportation/manuel-antonio/uvita,2026-03-02
https://www.privatetravelcr.com/costa-rica/transportation/jaco/uvita,2026-03-02
https://www.privatetravelcr.com/costa-rica/transportation/ojochal/liberia-town,2026-03-02
https://www.privatetravelcr.com/costa-rica/transportation/cahuita/jaco,2026-03-01
https://www.privatetravelcr.com/costa-rica/transportation/cahuita/uvita,2026-03-01
https://www.privatetravelcr.com/costa-rica/transportation/dominical/quepos,2026-03-01
https://www.privatetravelcr.com/costa-rica/transportation/la-fortuna-arenal/uvita,2026-03-01
https://www.privatetravelcr.com/costa-rica/transportation/dominical/liberia-town,2026-03-01
https://www.privatetravelcr.com/costa-rica/transportation/sjo-airport/jaco,2026-03-01
https://www.privatetravelcr.com/costa-rica/transportation/dominical/monteverde,2026-03-01
https://www.privatetravelcr.com/book-now.php?id=174,2026-03-01
https://www.privatetravelcr.com/book-now.php?id=267,2026-03-01
https://www.privatetravelcr.com/costa-rica/transportation/puerto-jimenez/sjo-airport,2026-03-01
https://www.privatetravelcr.com/costa-rica/transportation/monteverde/playa-brasilito,2026-03-01
https://www.privatetravelcr.com/costa-rica/transportation/monteverde/playa-flamingo,2026-03-01
https://www.privatetravelcr.com/costa-rica/transportation/puerto-viejo-limon/jaco,2026-02-28
https://www.privatetravelcr.com/costa-rica/transportation/playa-potrero/lir-airport,2026-02-28
https://www.privatetravelcr.com/costa-rica/transportation/hotel-riu-guanacaste/manuel-antonio,2026-02-28
https://www.privatetravelcr.com/costa-rica/transportation/playa-hermosa-guanacaste/sjo-airport,2026-02-28
https://www.privatetravelcr.com/costa-rica/transportation/monteverde/tambor,2026-02-28
https://www.privatetravelcr.com/costa-rica/transportation/manuel-antonio/puerto-jimenez,2026-02-28
https://www.privatetravelcr.com/costa-rica/transportation/playa-brasilito/sjo-airport,2026-02-27
https://www.privatetravelcr.com/costa-rica/transportation/sjo-airport/samara,2026-02-26
https://www.privatetravelcr.com/costa-rica/transportation/sjo-airport/playa-flamingo,2026-02-26
https://www.privatetravelcr.com/costa-rica/transportation/sjo-airport/bajos-del-toro,2026-02-26
https://www.privatetravelcr.com/costa-rica/transportation/sjo-airport/quepos,2026-02-26
https://www.privatetravelcr.com/costa-rica/transportation/sjo-airport/playa-hermosa-guanacaste,2026-02-26
https://www.privatetravelcr.com/costa-rica/transportation/la-fortuna-arenal/puerto-viejo-limon,2026-02-25
https://www.privatetravelcr.com/costa-rica/transportation/sjo-airport/playa-langosta,2026-02-25
https://www.privatetravelcr.com/costa-rica/transportation/sjo-airport/hotel-riu-guanacaste,2026-02-25
https://www.privatetravelcr.com/costa-rica/transportation/la-fortuna-arenal/sjo-airport,2026-02-25
https://www.privatetravelcr.com/costa-rica/transportation/sjo-airport/playa-potrero,2026-02-25
https://www.privatetravelcr.com/costa-rica/transportation/lir-airport/nosara,2026-02-25
https://www.privatetravelcr.com/costa-rica/transportation/sjo-airport/dominical,2026-02-25
https://www.privatetravelcr.com/book-now.php?id=33,2026-02-25
https://www.privatetravelcr.com/costa-rica/transportation/sjo-airport/turrialba,2026-02-24
https://www.privatetravelcr.com/costa-rica/transportation/la-fortuna-arenal/monteverde,2026-02-24
https://www.privatetravelcr.com/costa-rica/transportation/ojochal/san-jose-town,2026-02-24
https://www.privatetravelcr.com/costa-rica/transportation/monteverde/dream-las-mareas-resort,2026-02-23
https://www.privatetravelcr.com/costa-rica/transportation/cahuita/montezuma,2026-02-23
https://www.privatetravelcr.com/costa-rica/transportation/cahuita/la-fortuna-arenal,2026-02-22
https://www.privatetravelcr.com/costa-rica/transportation/la-fortuna-arenal/playa-conchal,2026-02-22
https://www.privatetravelcr.com/costa-rica/transportation/sierpe/puerto-viejo-limon,2026-02-22
https://www.privatetravelcr.com/costa-rica/transportation/la-fortuna-arenal/esterillos,2026-02-22
https://www.privatetravelcr.com/costa-rica/transportation/la-fortuna-arenal/siquirres,2026-02-22
https://www.privatetravelcr.com/costa-rica/transportation/la-fortuna-arenal/samara,2026-02-22
https://www.privatetravelcr.com/costa-rica/transportation/samara/samara,2026-02-21
https://www.privatetravelcr.com/book-now.php?id=440,2026-02-20
https://www.privatetravelcr.com/costa-rica/transportation/playa-langosta/la-fortuna-arenal,2026-02-20
https://www.privatetravelcr.com/costa-rica/transportation/alajuela/la-fortuna-arenal,2026-02-20
https://www.privatetravelcr.com/costa-rica/transportation/san-jose-sjo-international-airport/liberia-town,2026-02-19
https://www.privatetravelcr.com/costa-rica/transportation/jaco/la-fortuna-arenal,2026-02-17
https://www.privatetravelcr.com/costa-rica/transportation/jaco/playa-flamingo,2026-02-16
https://www.privatetravelcr.com/costa-rica/transportation/playa-panama/sjo-airport,2026-02-15
https://www.privatetravelcr.com/book-now.php?id=287,2026-02-14
https://www.privatetravelcr.com/costa-rica/transportation/puerto-viejo-limon/manuel-antonio,2026-02-14
https://www.privatetravelcr.com/book-now.php?id=208,2026-02-14
https://www.privatetravelcr.com/costa-rica/transportation/san-jose-sjo-international-airport/puerto-jimenez,2026-02-14
https://www.privatetravelcr.com/costa-rica/transportation/san-jose-sjo-international-airport/liberia-lir-international-airport,2026-02-14
https://www.privatetravelcr.com/costa-rica/transportation/bajos-del-toro/playa-flamingo,2026-02-14
https://www.privatetravelcr.com/costa-rica/transportation/liberia-lir-international-airport/san-jose-sjo-international-airport,2026-02-14
https://www.privatetravelcr.com/costa-rica/transportation/san-jose-sjo-international-airport/uvita,2026-02-14
https://www.privatetravelcr.com/costa-rica/transportation/san-jose-sjo-international-airport/manuel-antonio,2026-02-14
https://www.privatetravelcr.com/costa-rica/transportation/tortuguero-pavona-dock/sjo-airport,2026-02-13
https://www.privatetravelcr.com/costa-rica/transportation/la-paz-waterfalls/la-fortuna-arenal,2026-02-13
https://www.privatetravelcr.com/costa-rica/transportation/playa-grande/samara,2026-02-13
https://www.privatetravelcr.com/costa-rica/transportation/la-paz-waterfalls/lir-airport,2026-02-13
https://www.privatetravelcr.com/book-now.php?id=442,2026-02-13
https://www.privatetravelcr.com/book-now.php?id=514,2026-02-13
https://www.privatetravelcr.com/costa-rica/transportation/playa-potrero/manuel-antonio,2026-02-13
https://www.privatetravelcr.com/costa-rica/transportation/san-jose-sjo-international-airport/jaco,2026-02-13
https://www.privatetravelcr.com/costa-rica/transportation/rio-celeste/la-paz-waterfalls,2026-02-11
https://www.privatetravelcr.com/costa-rica/transportation/cahuita/manuel-antonio,2026-02-08
https://www.privatetravelcr.com/book-now.php?id=230,2026-02-06
https://www.privatetravelcr.com/book-now.php?id=161,2026-02-05
https://www.privatetravelcr.com/costa-rica/transportation/san-jose-town/puerto-viejo-limon,2026-02-05
https://www.privatetravelcr.com/book-now.php?id=430,2026-02-03
https://www.privatetravelcr.com/book-now.php?id=504,2026-02-03
https://www.privatetravelcr.com/costa-rica/transportation/playa-panama/mal-pais-santa-teresa,2026-02-03
https://www.privatetravelcr.com/costa-rica/transportation/playa-panama/manuel-antonio,2026-02-03
https://www.privatetravelcr.com/costa-rica/transportation/manuel-antonio/liberia-town,2026-02-03
https://www.privatetravelcr.com/book-now.php?id=492,2026-02-03
https://www.privatetravelcr.com/costa-rica/transportation/playa-panama/la-fortuna-arenal,2026-01-28
https://www.privatetravelcr.com/costa-rica/transportation/playa-panama/rio-celeste,2026-01-28
https://www.privatetravelcr.com/book-now.php?id=361,2026-01-28
https://www.privatetravelcr.com/book-now.php?id=535,2026-01-27
https://www.privatetravelcr.com/costa-rica/transportation/playa-brasilito/samara,2026-01-27
https://www.privatetravelcr.com/costa-rica/transportation/playa-brasilito/mal-pais-santa-teresa,2026-01-27
https://www.privatetravelcr.com/costa-rica/transportation/playa-brasilito/la-paz-waterfalls,2026-01-27
https://www.privatetravelcr.com/costa-rica/transportation/playa-brasilito/monteverde,2026-01-27
https://www.privatetravelcr.com/book-now.php?id=548,2026-01-27
https://www.privatetravelcr.com/costa-rica/transportation/la-paz-waterfalls/playa-flamingo,2026-01-27
https://www.privatetravelcr.com/costa-rica/transportation/carrillo/dream-las-mareas-resort,2026-01-27
https://www.privatetravelcr.com/costa-rica/transportation/carrillo/la-fortuna-arenal,2026-01-27
https://www.privatetravelcr.com/costa-rica/transportation/carrillo/monteverde,2026-01-27
https://www.privatetravelcr.com/costa-rica/transportation/carrillo/manuel-antonio,2026-01-26
https://www.privatetravelcr.com/costa-rica/transportation/carrillo/playa-potrero,2026-01-26
https://www.privatetravelcr.com/costa-rica/transportation/carrillo/rio-celeste,2026-01-26
https://www.privatetravelcr.com/costa-rica/transportation/la-paz-waterfalls/playa-ocotal,2026-01-26
https://www.privatetravelcr.com/costa-rica/transportation/playa-avellanas/dream-las-mareas-resort,2026-01-13
https://www.privatetravelcr.com/costa-rica/transportation/playa-grande/manuel-antonio,2026-01-13
https://www.privatetravelcr.com/costa-rica/transportation/sierpe/cahuita,2026-01-12
https://www.privatetravelcr.com/costa-rica/transportation/playa-ocotal/sjo-airport,2026-01-12
https://www.privatetravelcr.com/costa-rica/transportation/playa-del-coco/la-fortuna-arenal,2026-01-12
https://www.privatetravelcr.com/book-now.php?id=506,2026-01-11
https://www.privatetravelcr.com/costa-rica/transportation/playa-avellanas/monteverde,2026-01-11
https://www.privatetravelcr.com/costa-rica/transportation/la-fortuna-arenal/playa-flamingo,2026-01-10
https://www.privatetravelcr.com/costa-rica/transportation/playa-langosta/manuel-antonio,2026-01-10
https://www.privatetravelcr.com/costa-rica/transportation/rio-celeste/playa-conchal,2026-01-07
https://www.privatetravelcr.com/costa-rica/transportation/playa-ocotal/la-paz-waterfalls,2026-01-07
https://www.privatetravelcr.com/costa-rica/transportation/la-paz-waterfalls/manuel-antonio,2026-01-07
https://www.privatetravelcr.com/costa-rica/transportation/bajos-del-toro/papagayo,2026-01-07
https://www.privatetravelcr.com/costa-rica/transportation/bajos-del-toro/playa-conchal,2026-01-07
https://www.privatetravelcr.com/costa-rica/transportation/la-paz-waterfalls/playa-potrero,2026-01-07
https://www.privatetravelcr.com/book-now.php?id=414,2026-01-07
https://www.privatetravelcr.com/costa-rica/transportation/rio-celeste/playa-del-coco,2026-01-07
https://www.privatetravelcr.com/costa-rica/transportation/la-paz-waterfalls/playa-brasilito,2026-01-07
https://www.privatetravelcr.com/costa-rica/transportation/la-paz-waterfalls/tamarindo,2026-01-07
https://www.privatetravelcr.com/costa-rica/transportation/la-paz-waterfalls/samara,2026-01-07
https://www.privatetravelcr.com/costa-rica/transportation/playa-ocotal/dream-las-mareas-resort,2026-01-07
https://www.privatetravelcr.com/costa-rica/transportation/la-paz-waterfalls/carrillo,2026-01-07
https://www.privatetravelcr.com/costa-rica/transportation/carrillo/sjo-airport,2026-01-06
https://www.privatetravelcr.com/costa-rica/transportation/rio-celeste/sjo-airport,2026-01-06
https://www.privatetravelcr.com/book-now.php?id=43,2026-01-03
https://www.privatetravelcr.com/costa-rica/transportation/liberia-town/monteverde,2026-01-03
https://www.privatetravelcr.com/costa-rica/transportation/lir-airport/la-paz-waterfalls,2026-01-03
https://www.privatetravelcr.com/costa-rica/transportation/rio-celeste/tamarindo,2026-01-03
https://www.privatetravelcr.com/costa-rica/transportation/playa-grande/rio-celeste,2026-01-03
https://www.privatetravelcr.com/costa-rica/transportation/playa-grande/mal-pais-santa-teresa,2026-01-03
https://www.privatetravelcr.com/book-now.php?id=42,2026-01-01
https://www.privatetravelcr.com/costa-rica/transportation/hotel-riu-guanacaste/samara,2026-01-01
https://www.privatetravelcr.com/book-now.php?id=31,2025-12-31
https://www.privatetravelcr.com/book-now.php?id=6,2025-12-30